--------------------------------------------------------
--  Datei erstellt -Montag-Mai-20-2019   
--------------------------------------------------------
REM INSERTING into FLUGZEUGVERMIETUNG_DEV.ADR_ADDRESS
SET DEFINE OFF;
Insert into FLUGZEUGVERMIETUNG_DEV.ADR_ADDRESS (PK_ADR_ADDRESS,FK_MDT_MANDANT,STREET,STREET_NO,ZIP_CODE,FK_ADR_CITY) values ('1','1','Derchinger Straße','9','86444','5');
REM INSERTING into FLUGZEUGVERMIETUNG_DEV.ADR_CITY
SET DEFINE OFF;
Insert into FLUGZEUGVERMIETUNG_DEV.ADR_CITY (PK_ADR_CITY,CITY,FK_ADR_COUNTRY) values ('1','Augsburg','1');
Insert into FLUGZEUGVERMIETUNG_DEV.ADR_CITY (PK_ADR_CITY,CITY,FK_ADR_COUNTRY) values ('2','München','1');
Insert into FLUGZEUGVERMIETUNG_DEV.ADR_CITY (PK_ADR_CITY,CITY,FK_ADR_COUNTRY) values ('3','Hamburg','1');
Insert into FLUGZEUGVERMIETUNG_DEV.ADR_CITY (PK_ADR_CITY,CITY,FK_ADR_COUNTRY) values ('4','Berlin','1');
Insert into FLUGZEUGVERMIETUNG_DEV.ADR_CITY (PK_ADR_CITY,CITY,FK_ADR_COUNTRY) values ('5','Bergen','1');
REM INSERTING into FLUGZEUGVERMIETUNG_DEV.ADR_COUNTRY
SET DEFINE OFF;
Insert into FLUGZEUGVERMIETUNG_DEV.ADR_COUNTRY (PK_ADR_COUNTRY,COUNTRY,PHONE_CODE) values ('1','Germany',null);
Insert into FLUGZEUGVERMIETUNG_DEV.ADR_COUNTRY (PK_ADR_COUNTRY,COUNTRY,PHONE_CODE) values ('2','France',null);
Insert into FLUGZEUGVERMIETUNG_DEV.ADR_COUNTRY (PK_ADR_COUNTRY,COUNTRY,PHONE_CODE) values ('3','Niger',null);
Insert into FLUGZEUGVERMIETUNG_DEV.ADR_COUNTRY (PK_ADR_COUNTRY,COUNTRY,PHONE_CODE) values ('4','Sudan',null);
Insert into FLUGZEUGVERMIETUNG_DEV.ADR_COUNTRY (PK_ADR_COUNTRY,COUNTRY,PHONE_CODE) values ('5','Australia',null);
Insert into FLUGZEUGVERMIETUNG_DEV.ADR_COUNTRY (PK_ADR_COUNTRY,COUNTRY,PHONE_CODE) values ('6','USA',null);
REM INSERTING into FLUGZEUGVERMIETUNG_DEV.APL_ENGINE_TYPE
SET DEFINE OFF;
REM INSERTING into FLUGZEUGVERMIETUNG_DEV.APL_MAINT_PROGR
SET DEFINE OFF;
Insert into FLUGZEUGVERMIETUNG_DEV.APL_MAINT_PROGR (PK_APL_MAINT_PROGR,FK_MDT_MANDANT,MAINT_PROGR) values ('1','1','50-100-50-200');
Insert into FLUGZEUGVERMIETUNG_DEV.APL_MAINT_PROGR (PK_APL_MAINT_PROGR,FK_MDT_MANDANT,MAINT_PROGR) values ('2','1','50-100-50-200-50-100-50-400');
REM INSERTING into FLUGZEUGVERMIETUNG_DEV.APL_PLANE
SET DEFINE OFF;
Insert into FLUGZEUGVERMIETUNG_DEV.APL_PLANE (PK_APL_PLANE,FK_MDT_MANDANT,PLANE_NO,DESCRIPTION,FK_APL_PLANE_MODELL,FK_APL_ENGINE_TYPE,CABIN_OV_13000_FT,BORD_00,BOARDING_OPPORTUNITY,CRUISING_SPEED_HG_20000_FT,CRUISING_SPEED_UNIT,WEIGHT_KERB_KG,WEIGHT_TAKEOFF_MAX_KG,PERMITTED_LOAD_KG,CNT_PASSENGERS_MAX,FUEL_TANK_SIZE_L,CONSUMPTION_L,RANGE_AVERAGE_FT,DIST_TAKE_OFF_FT,DIST_LANDING_FT,FK_APL_MAINT_PROGR,IMG_SRC) values ('1','1','D-EFLF',null,'1',null,null,'0,1',null,null,null,null,null,null,null,null,null,null,null,null,'1','#WORKSPACE_IMAGES#images/1');
Insert into FLUGZEUGVERMIETUNG_DEV.APL_PLANE (PK_APL_PLANE,FK_MDT_MANDANT,PLANE_NO,DESCRIPTION,FK_APL_PLANE_MODELL,FK_APL_ENGINE_TYPE,CABIN_OV_13000_FT,BORD_00,BOARDING_OPPORTUNITY,CRUISING_SPEED_HG_20000_FT,CRUISING_SPEED_UNIT,WEIGHT_KERB_KG,WEIGHT_TAKEOFF_MAX_KG,PERMITTED_LOAD_KG,CNT_PASSENGERS_MAX,FUEL_TANK_SIZE_L,CONSUMPTION_L,RANGE_AVERAGE_FT,DIST_TAKE_OFF_FT,DIST_LANDING_FT,FK_APL_MAINT_PROGR,IMG_SRC) values ('2','1','D-EOYS',null,'1',null,null,'0,3',null,null,null,null,null,null,null,null,null,null,null,null,'1','#WORKSPACE_IMAGES#images/1');
Insert into FLUGZEUGVERMIETUNG_DEV.APL_PLANE (PK_APL_PLANE,FK_MDT_MANDANT,PLANE_NO,DESCRIPTION,FK_APL_PLANE_MODELL,FK_APL_ENGINE_TYPE,CABIN_OV_13000_FT,BORD_00,BOARDING_OPPORTUNITY,CRUISING_SPEED_HG_20000_FT,CRUISING_SPEED_UNIT,WEIGHT_KERB_KG,WEIGHT_TAKEOFF_MAX_KG,PERMITTED_LOAD_KG,CNT_PASSENGERS_MAX,FUEL_TANK_SIZE_L,CONSUMPTION_L,RANGE_AVERAGE_FT,DIST_TAKE_OFF_FT,DIST_LANDING_FT,FK_APL_MAINT_PROGR,IMG_SRC) values ('3','1','D-ECEW',null,'2',null,null,'0,3',null,null,null,null,null,null,null,null,null,null,null,null,'1','#WORKSPACE_IMAGES#images/1');
Insert into FLUGZEUGVERMIETUNG_DEV.APL_PLANE (PK_APL_PLANE,FK_MDT_MANDANT,PLANE_NO,DESCRIPTION,FK_APL_PLANE_MODELL,FK_APL_ENGINE_TYPE,CABIN_OV_13000_FT,BORD_00,BOARDING_OPPORTUNITY,CRUISING_SPEED_HG_20000_FT,CRUISING_SPEED_UNIT,WEIGHT_KERB_KG,WEIGHT_TAKEOFF_MAX_KG,PERMITTED_LOAD_KG,CNT_PASSENGERS_MAX,FUEL_TANK_SIZE_L,CONSUMPTION_L,RANGE_AVERAGE_FT,DIST_TAKE_OFF_FT,DIST_LANDING_FT,FK_APL_MAINT_PROGR,IMG_SRC) values ('4','1','D-EWYS',null,'3',null,null,'0,3',null,null,null,null,null,null,null,null,null,null,null,null,'2','#WORKSPACE_IMAGES#images/1');
REM INSERTING into FLUGZEUGVERMIETUNG_DEV.APL_PLANE_MAINT_PROGR
SET DEFINE OFF;
REM INSERTING into FLUGZEUGVERMIETUNG_DEV.APL_PLANE_MODELL
SET DEFINE OFF;
Insert into FLUGZEUGVERMIETUNG_DEV.APL_PLANE_MODELL (PK_APL_PLANE_MODELL,FK_MDT_MANDANT,MODELL_NO,FK_APL_PLANE_TYPE) values ('1','1','C-172','1');
Insert into FLUGZEUGVERMIETUNG_DEV.APL_PLANE_MODELL (PK_APL_PLANE_MODELL,FK_MDT_MANDANT,MODELL_NO,FK_APL_PLANE_TYPE) values ('2','1','C-150','1');
Insert into FLUGZEUGVERMIETUNG_DEV.APL_PLANE_MODELL (PK_APL_PLANE_MODELL,FK_MDT_MANDANT,MODELL_NO,FK_APL_PLANE_TYPE) values ('3','1','PA-28','2');
REM INSERTING into FLUGZEUGVERMIETUNG_DEV.APL_PLANE_TYPE
SET DEFINE OFF;
Insert into FLUGZEUGVERMIETUNG_DEV.APL_PLANE_TYPE (PK_APL_PLANE_TYPE,FK_MDT_MANDANT,PLANE_TYPE) values ('1','1','Piper');
Insert into FLUGZEUGVERMIETUNG_DEV.APL_PLANE_TYPE (PK_APL_PLANE_TYPE,FK_MDT_MANDANT,PLANE_TYPE) values ('2','1','Cessna');
REM INSERTING into FLUGZEUGVERMIETUNG_DEV.ARP_AIRPORT
SET DEFINE OFF;
Insert into FLUGZEUGVERMIETUNG_DEV.ARP_AIRPORT (PK_ARP_AIRPORT,AIRPORT,DESCRIPTION) values ('1','EDMA','Augsburg');
REM INSERTING into FLUGZEUGVERMIETUNG_DEV.BAK_BANKACCOUNT
SET DEFINE OFF;
REM INSERTING into FLUGZEUGVERMIETUNG_DEV.BAK_BANKACCOUNT_TYPE
SET DEFINE OFF;
REM INSERTING into FLUGZEUGVERMIETUNG_DEV.BOR_BORD_LOG
SET DEFINE OFF;
REM INSERTING into FLUGZEUGVERMIETUNG_DEV.BOR_BORD_LOG_ENTRY
SET DEFINE OFF;
REM INSERTING into FLUGZEUGVERMIETUNG_DEV.BOR_BORD_LOG_ENTRY_GRP
SET DEFINE OFF;
REM INSERTING into FLUGZEUGVERMIETUNG_DEV.BOR_BORD_LOG_ENTRY_RPM
SET DEFINE OFF;
REM INSERTING into FLUGZEUGVERMIETUNG_DEV.COM_COMPANY
SET DEFINE OFF;
Insert into FLUGZEUGVERMIETUNG_DEV.COM_COMPANY (PK_COM_COMPANY,FK_MDT_MANDANT,COMPANY_NAME,COMPANY_LOCATION,FK_ADR_ADRESS,FK_COM_COMPANY_TYPE,FK_CON_CONTACT_MAIN,VALID,VALID_FROM,VALID_TO) values ('1','1','Gaudl Flugzeugvermietung',null,null,null,null,null,null,null);
REM INSERTING into FLUGZEUGVERMIETUNG_DEV.CON_CONTACT
SET DEFINE OFF;
Insert into FLUGZEUGVERMIETUNG_DEV.CON_CONTACT (PK_CON_CONTACT,FK_MDT_MANDANT,FK_CON_CONTACT_TYPE,FK_ADR_ADRESS,TITLE,LAST_NAME,FIRST_NAME,EMAIL,COUNTRY_PREFIX,PHONE_NO,BIRTH_DAY,ACTIVE,ACTIVE_FROM,ACTIVE_TO,CREATED_AT,CREATED_BY,MODIFIED_AT,MDOIFIED_BY) values ('1','1',null,null,null,'Gaudl','Manfred H','gaudlmanfred@vocafone.de','+49','151 1850-9005',to_date('15.03.2019 16:16:33','DD.MM.RRRR HH24:MI:SS'),'1',to_date('14.03.2019 16:16:48','DD.MM.RRRR HH24:MI:SS'),null,null,null,null,null);
Insert into FLUGZEUGVERMIETUNG_DEV.CON_CONTACT (PK_CON_CONTACT,FK_MDT_MANDANT,FK_CON_CONTACT_TYPE,FK_ADR_ADRESS,TITLE,LAST_NAME,FIRST_NAME,EMAIL,COUNTRY_PREFIX,PHONE_NO,BIRTH_DAY,ACTIVE,ACTIVE_FROM,ACTIVE_TO,CREATED_AT,CREATED_BY,MODIFIED_AT,MDOIFIED_BY) values ('2','1',null,null,null,'Gaudl','Manfred M','gaudlmanfred@vocafone.de','+49','151 1850-9005',to_date('14.03.2019 16:16:39','DD.MM.RRRR HH24:MI:SS'),'1',to_date('14.03.2019 16:16:48','DD.MM.RRRR HH24:MI:SS'),null,null,null,null,null);
REM INSERTING into FLUGZEUGVERMIETUNG_DEV.COST_COST_GRP
SET DEFINE OFF;
REM INSERTING into FLUGZEUGVERMIETUNG_DEV.DOC_DOCUMENT
SET DEFINE OFF;
Insert into FLUGZEUGVERMIETUNG_DEV.DOC_DOCUMENT (PK_DOC_DOCUMENT,FK_MDT_MANDANT,FK_DOC_DOCUMENT_TYPE,FK_DOC_USAGE_TYPE,DOCUMENT_TITLE,VALID,VALID_UNTIL,DOCUMENT_NR,FK_CERT_TYPE) values ('21','1','21','2','A 406455','1','18.12.2019',null,null);
Insert into FLUGZEUGVERMIETUNG_DEV.DOC_DOCUMENT (PK_DOC_DOCUMENT,FK_MDT_MANDANT,FK_DOC_DOCUMENT_TYPE,FK_DOC_USAGE_TYPE,DOCUMENT_TITLE,VALID,VALID_UNTIL,DOCUMENT_NR,FK_CERT_TYPE) values ('1','1','10','2','DE.FCL.8031 009524','1','29.02.2020',null,null);
REM INSERTING into FLUGZEUGVERMIETUNG_DEV.DOC_DOCUMENT_TYPE
SET DEFINE OFF;
Insert into FLUGZEUGVERMIETUNG_DEV.DOC_DOCUMENT_TYPE (PK_DOC_DOCUMENT_TYPE,FK_MDT_MANDANT,DOC_DOCUMENT_TYPE) values ('10','1','license');
Insert into FLUGZEUGVERMIETUNG_DEV.DOC_DOCUMENT_TYPE (PK_DOC_DOCUMENT_TYPE,FK_MDT_MANDANT,DOC_DOCUMENT_TYPE) values ('21','1','medical');
Insert into FLUGZEUGVERMIETUNG_DEV.DOC_DOCUMENT_TYPE (PK_DOC_DOCUMENT_TYPE,FK_MDT_MANDANT,DOC_DOCUMENT_TYPE) values ('1','1','MAINTENANCE PLAN');
Insert into FLUGZEUGVERMIETUNG_DEV.DOC_DOCUMENT_TYPE (PK_DOC_DOCUMENT_TYPE,FK_MDT_MANDANT,DOC_DOCUMENT_TYPE) values ('2','1','navigation manual');
Insert into FLUGZEUGVERMIETUNG_DEV.DOC_DOCUMENT_TYPE (PK_DOC_DOCUMENT_TYPE,FK_MDT_MANDANT,DOC_DOCUMENT_TYPE) values ('3','1','devices manual');
Insert into FLUGZEUGVERMIETUNG_DEV.DOC_DOCUMENT_TYPE (PK_DOC_DOCUMENT_TYPE,FK_MDT_MANDANT,DOC_DOCUMENT_TYPE) values ('4','1','LOG BOOK');
Insert into FLUGZEUGVERMIETUNG_DEV.DOC_DOCUMENT_TYPE (PK_DOC_DOCUMENT_TYPE,FK_MDT_MANDANT,DOC_DOCUMENT_TYPE) values ('5','1','mass and balance statement');
Insert into FLUGZEUGVERMIETUNG_DEV.DOC_DOCUMENT_TYPE (PK_DOC_DOCUMENT_TYPE,FK_MDT_MANDANT,DOC_DOCUMENT_TYPE) values ('6','1','aircraft manuals');
Insert into FLUGZEUGVERMIETUNG_DEV.DOC_DOCUMENT_TYPE (PK_DOC_DOCUMENT_TYPE,FK_MDT_MANDANT,DOC_DOCUMENT_TYPE) values ('7','1','flight planning tools');
Insert into FLUGZEUGVERMIETUNG_DEV.DOC_DOCUMENT_TYPE (PK_DOC_DOCUMENT_TYPE,FK_MDT_MANDANT,DOC_DOCUMENT_TYPE) values ('8','1','radio log');
Insert into FLUGZEUGVERMIETUNG_DEV.DOC_DOCUMENT_TYPE (PK_DOC_DOCUMENT_TYPE,FK_MDT_MANDANT,DOC_DOCUMENT_TYPE) values ('9','1','policies for usage');
REM INSERTING into FLUGZEUGVERMIETUNG_DEV.DOC_USAGE_TYPE
SET DEFINE OFF;
Insert into FLUGZEUGVERMIETUNG_DEV.DOC_USAGE_TYPE (PK_DOC_USAGE_TYPE,FK_MDT_MANDANT,USAGE_TYPE) values ('1','1','PLANE');
Insert into FLUGZEUGVERMIETUNG_DEV.DOC_USAGE_TYPE (PK_DOC_USAGE_TYPE,FK_MDT_MANDANT,USAGE_TYPE) values ('2','1','PIILOT');
Insert into FLUGZEUGVERMIETUNG_DEV.DOC_USAGE_TYPE (PK_DOC_USAGE_TYPE,FK_MDT_MANDANT,USAGE_TYPE) values ('3','1','AIRPORT');
REM INSERTING into FLUGZEUGVERMIETUNG_DEV.FLI_FLIGHT
SET DEFINE OFF;
REM INSERTING into FLUGZEUGVERMIETUNG_DEV.FLI_FLIGHT_COMMENTS
SET DEFINE OFF;
REM INSERTING into FLUGZEUGVERMIETUNG_DEV.FLI_FLIGHT_DISCOUNT_REASONS
SET DEFINE OFF;
REM INSERTING into FLUGZEUGVERMIETUNG_DEV.FLI_FLIGHT_DISCOUNTS
SET DEFINE OFF;
REM INSERTING into FLUGZEUGVERMIETUNG_DEV.GAL_GAIN_AND_LOSS
SET DEFINE OFF;
REM INSERTING into FLUGZEUGVERMIETUNG_DEV.HAN_HANGAR
SET DEFINE OFF;
REM INSERTING into FLUGZEUGVERMIETUNG_DEV.INV_INVOICE
SET DEFINE OFF;
REM INSERTING into FLUGZEUGVERMIETUNG_DEV.INV_INVOICE_TYPE
SET DEFINE OFF;
REM INSERTING into FLUGZEUGVERMIETUNG_DEV.LAN_LANDING
SET DEFINE OFF;
REM INSERTING into FLUGZEUGVERMIETUNG_DEV.MDT_MANDANT
SET DEFINE OFF;
Insert into FLUGZEUGVERMIETUNG_DEV.MDT_MANDANT (PK_MDT_MANDANT,MANDANT,FK_ORG_ORG_UNIT) values ('1','Gaudl_Flugzeugvermietung','1');
Insert into FLUGZEUGVERMIETUNG_DEV.MDT_MANDANT (PK_MDT_MANDANT,MANDANT,FK_ORG_ORG_UNIT) values ('2','neuer Mandant',null);
Insert into FLUGZEUGVERMIETUNG_DEV.MDT_MANDANT (PK_MDT_MANDANT,MANDANT,FK_ORG_ORG_UNIT) values ('3','neuer Mandant',null);
REM INSERTING into FLUGZEUGVERMIETUNG_DEV.ORG_ORG_UNIT
SET DEFINE OFF;
Insert into FLUGZEUGVERMIETUNG_DEV.ORG_ORG_UNIT (PK_ORG_ORG_UNIT,FK_MDT_MANDANT,COMPANY_NAME,ORG_UNIT_NAME,FK_CON_CONTACT,ACTIVE,ACTIVE_FROM,ACTIVE_TO,CREATED_AT,CREATED_BY,MODIFIED_AT,MODIFIED_BY,FK_ORG_ORG_UNIT_TYPE,FK_ORG_ORG_UNIT_REL_TYPE) values ('1','1','Gaudl Flugzeugvermietung',null,null,'1',null,null,null,null,null,null,'1','1');
Insert into FLUGZEUGVERMIETUNG_DEV.ORG_ORG_UNIT (PK_ORG_ORG_UNIT,FK_MDT_MANDANT,COMPANY_NAME,ORG_UNIT_NAME,FK_CON_CONTACT,ACTIVE,ACTIVE_FROM,ACTIVE_TO,CREATED_AT,CREATED_BY,MODIFIED_AT,MODIFIED_BY,FK_ORG_ORG_UNIT_TYPE,FK_ORG_ORG_UNIT_REL_TYPE) values ('2','1',null,'Gaudl Manfred H',null,'1',null,null,null,null,null,null,'2','2');
Insert into FLUGZEUGVERMIETUNG_DEV.ORG_ORG_UNIT (PK_ORG_ORG_UNIT,FK_MDT_MANDANT,COMPANY_NAME,ORG_UNIT_NAME,FK_CON_CONTACT,ACTIVE,ACTIVE_FROM,ACTIVE_TO,CREATED_AT,CREATED_BY,MODIFIED_AT,MODIFIED_BY,FK_ORG_ORG_UNIT_TYPE,FK_ORG_ORG_UNIT_REL_TYPE) values ('3','1',null,'Gaudl Manfred M',null,'1',null,null,null,null,null,null,'2','2');
REM INSERTING into FLUGZEUGVERMIETUNG_DEV.ORG_ORG_UNIT_CHECK_OUT
SET DEFINE OFF;
REM INSERTING into FLUGZEUGVERMIETUNG_DEV.ORG_ORG_UNIT_REL_TYPE
SET DEFINE OFF;
Insert into FLUGZEUGVERMIETUNG_DEV.ORG_ORG_UNIT_REL_TYPE (PK_ORG_ORG_UNIT_REL_TYPE,ORG_UNIT_TYPE_REL_NAME,ORG_UNIT_TYPE_REL_NAME_ENG) values ('1','Vermieter',null);
Insert into FLUGZEUGVERMIETUNG_DEV.ORG_ORG_UNIT_REL_TYPE (PK_ORG_ORG_UNIT_REL_TYPE,ORG_UNIT_TYPE_REL_NAME,ORG_UNIT_TYPE_REL_NAME_ENG) values ('2','Kunde',null);
REM INSERTING into FLUGZEUGVERMIETUNG_DEV.ORG_ORG_UNIT_TYPE
SET DEFINE OFF;
Insert into FLUGZEUGVERMIETUNG_DEV.ORG_ORG_UNIT_TYPE (PK_ORG_ORG_UNIT_TYPE,ORG_UNIT_TYPE_NAME,ORG_UNIT_TYPE_NAME_ENG) values ('1','Firma','Company');
Insert into FLUGZEUGVERMIETUNG_DEV.ORG_ORG_UNIT_TYPE (PK_ORG_ORG_UNIT_TYPE,ORG_UNIT_TYPE_NAME,ORG_UNIT_TYPE_NAME_ENG) values ('2','Person','Person');
REM INSERTING into FLUGZEUGVERMIETUNG_DEV.PAY_PAYMENT
SET DEFINE OFF;
REM INSERTING into FLUGZEUGVERMIETUNG_DEV.PAY_PAYMENT_TYPE
SET DEFINE OFF;
REM INSERTING into FLUGZEUGVERMIETUNG_DEV.REL_AIRPORT_LOCATION
SET DEFINE OFF;
REM INSERTING into FLUGZEUGVERMIETUNG_DEV.REL_BORD_LOG_ENTRY_PAY
SET DEFINE OFF;
REM INSERTING into FLUGZEUGVERMIETUNG_DEV.REL_CONTACT_ADDRESS
SET DEFINE OFF;
Insert into FLUGZEUGVERMIETUNG_DEV.REL_CONTACT_ADDRESS (PK_REL_CONTACT_ADDRESS,FK_MDT_MANDANT,FK_CON_CONTACT,FK_ADR_ADDRESS,FK_ADR_COUNTRY,PHONE_NO,EMAIL) values ('1','1','1','1',null,null,null);
Insert into FLUGZEUGVERMIETUNG_DEV.REL_CONTACT_ADDRESS (PK_REL_CONTACT_ADDRESS,FK_MDT_MANDANT,FK_CON_CONTACT,FK_ADR_ADDRESS,FK_ADR_COUNTRY,PHONE_NO,EMAIL) values ('2','1','2','1',null,null,null);
REM INSERTING into FLUGZEUGVERMIETUNG_DEV.REL_CONTACT_BANKACCOUNT
SET DEFINE OFF;
REM INSERTING into FLUGZEUGVERMIETUNG_DEV.REL_DOC_CONTACT
SET DEFINE OFF;
Insert into FLUGZEUGVERMIETUNG_DEV.REL_DOC_CONTACT (PK_REL_DOC_CONTACT,FK_MDT_MANDANT,FK_DOC_DOCUMENT,FK_CON_CONTACT) values ('1','1','1','1');
REM INSERTING into FLUGZEUGVERMIETUNG_DEV.REL_DOC_FLIGHT
SET DEFINE OFF;
REM INSERTING into FLUGZEUGVERMIETUNG_DEV.REL_DOC_HANGAR
SET DEFINE OFF;
REM INSERTING into FLUGZEUGVERMIETUNG_DEV.REL_DOC_PLANE
SET DEFINE OFF;
REM INSERTING into FLUGZEUGVERMIETUNG_DEV.REL_INV_PL_FLI_CH
SET DEFINE OFF;
REM INSERTING into FLUGZEUGVERMIETUNG_DEV.REL_ORG_UNIT_CONTACT
SET DEFINE OFF;
REM INSERTING into FLUGZEUGVERMIETUNG_DEV.REL_PAY_PLANE_FLI_CH
SET DEFINE OFF;
REM INSERTING into FLUGZEUGVERMIETUNG_DEV.REL_PLANE_FLIGHT
SET DEFINE OFF;
REM INSERTING into FLUGZEUGVERMIETUNG_DEV.REL_PLANE_FLIGHT_CHARTERER
SET DEFINE OFF;
REM INSERTING into FLUGZEUGVERMIETUNG_DEV.RES_RESERVATION
SET DEFINE OFF;
